"Numero De Parte","Descripci?n","Subinventario","Ubicaci?n","Cantidad Disponible",
"801160","QS18VP6FF150Q5","TFG","Z1.C.01","4",
"02628","ES-FA-11AA","TFG","01.U.04","13",
"30872","Q85VR3LP-T9","TFG","03.F.03","5",
"34078","OTBVR81QD","TFG","03.G.04","12",
"71385","PBCT23TMB5M4","TFG","07.Q.04","5",
"02674","LX6ESRQ","TFG","12.A.01","1",
"86750","LE550UQ","TFG","08.J.03","3",
"814989","DXM1200-X2R2","TFG","08.M.03","1",
"815181","BC-M12F8-24-10-SF","TFG","11.J.02","4",
"812369","S4BR14-900-S","TFG","CO2.E.02","2",
"26206","PVL225PQ","TFG","CO3.F.02","23",
"72511","MAQDC-850","TFG","04.PL.03","6",
"804908","TL503KQ","TFG","12.L.06","40",
"803770","MQDC-506-USB","TFG","13.08.02","5",
"810607","TL50PS3AQ","TFG","13.17.05","7",
"812385","S4BE30-1650-S","TFG","ENT.00.01","1",
"72454","SLSCP30-1800Q88","TFG","ENT.00.01","1",
"51127","MQDC1-506","TFG","05.PL.06","69",
"87483","WLB32C850PBQ","TFG","ENT.00.03","10",
"47631","MQDEC-403SS","TFG","04.E.03","18",
"71929","STP-13","TFG","Z4.C.03","13",
"17428","DX80G9M6S-P8","TFG","01.C.02","3",
"28149","OTBA5QD","TFG","02.F.04","5",
"42210","SSA-EB1PL2-12","TFG","04.J.04","6",
"60080","SI-LS42DMSG","TFG","06.B.05","1",
"74134","Q12AB6FF30Q5","TFG","07.T.02","6",
"77179","M12PDQ8","TFG","12.C.02","18",
"813631","MQDEC-530SS","TFG","10.G.05","16",
"814475","DES4-M81-D","TFG","11.A.06","78",
"86885","WLC60XW640AQ","TFG","CO4.H.01","4",
"87799","WLS28-2CW850XQ","TFG","CO6.I.01","4",
"25695","SSA-EB1PL-02ECQ5A","TFG","12.E.05","5",
"95965","WLS27CWW145DSQ","TFG","13.12.01","3",
"27635","SMB12MM","TFG","13.12.04","16",
"812382","S4BE30-1200-S","TFG","ENT.00.02","4",
"812391","S4BR30-900-S","TFG","ENT.00.03","3",
"809951","SOK-TL70-150A","TFG","00.A.06","4",
"16164","BRT-3","TFG","01.L.04","145",
"13142","SP350GYRPQ","TFG","01.N.03","2",
"26628","SSA-EB1PLGR-12ECQ8","TFG","02.B.06","6",
"26951","SM31RLQD","TFG","02.C.02","15",
"29409","S186E","TFG","02.C.03","15",
"48667","M18SP6DLQ","TFG","04.I.04","2",
"76430","S18SP6DLQPMA","TFG","07.C.02","1",
"73666","MQDEC2-430RA","TFG","11.D.04","6",
"806222","SC10-2roe","TFG","13.15.06","55",
"26849","MQDC-315","TFG","00.C.05","26",
"96764","K50APT2GRYF2Q","TFG","09.A.06","49",
"74123","Q12AB6FF50Q5","TFG","11.I.02","6",
"817092","BFW-M12F4A-6SL","TFG","12.K.02","91",
"809737","SX5-B6","TFG","ENT.00.02","5",
"78383","BWA-QD8.5","TFG","TFG.00.00","2",
"02712","S18UBAQ","TFG","01.S.03","27",
"25895","M12FTH4Q","TFG","02.B.02","2",
"26990","SM312FVQD","TFG","02.O.02","25",
"38667","Q45BB6FQ5","TFG","03.C.04","6",
"92824","K90LWBGYRPQ","TFG","09.J.03","2",
"72380","SLSP14-300Q88","TFG","CO3.D.02","4",
"87987","WLS28-2XW285XQ","TFG","CO6.C.01","10",
"812371","S4BR14-1200-S","TFG","CO7.D.01","1",
"70231","QS30LDQ","TFG","12.W.03","4",
"807127","SI-MAGB1SMCO","TFG","13.05.02","4",
"815179","BC-M12F8-24-2-SF","TFG","13.28.04","6",
"96018","MQDEC-WDSS-403SS","TFG","13.15.05","5",
"89675","SLLP14-910P88","TFG","ENT.00.01","1",
"806308","SXA-815D","TFG","01.PL.07","17",
"02786","QS30LDLQ","TFG","01.H.03","22",
"17987","BWA-BATT-006","TFG","01.I.06","18",
"25880","SMA915LVQD","TFG","02.D.04","3",
"29407","S18SN6D","TFG","02.I.03","12",
"34625","MIAD9DQ","TFG","03.A.04","4",
"52522","SMB30SUS","TFG","05.A.06","122",
"64634","R55FQ","TFG","06.D.02","17",
"64180","STBVP6Q","TFG","06.I.04","14",
"93850","ESL-44/70-ES-10","TFG","09.G.04","1",
"25619","SM312D","TFG","10.F.04","25",
"85395","MQDEC-801-12M23","TFG","11.H.03","7",
"10845","SOP-E12-900A","TFG","CO1.E.01","1",
"812388","S4BR30-450-S","TFG","CO3.G.01","1",
"815141","BC-M12F5-22-10","TFG","02.PL.06","28",
"802640","T18-2VPDL-Q8","TFG","13.27.02","3",
"813870","T30RW-1515-KUQ-M40","TFG","13.14.03","1",
"803486","VS8EAPRQ","TFG","13.35.04","2",
"90623","LMBWLB32","TFG","13.13.05","5",
"813083","K100PLRGB7AQ","TFG","13.12.06","4",
"42227","ESLP1-30/60","TFG","Z4.E.02","50",
"19970","BWA-UCT-900","TFG","01.D.03","8",
"26313","QS18AP6LPQ3","TFG","02.G.05","2",
"26620","BRT-THG-2-100","TFG","02.I.04","5",
"802582","K50ALBT2GRHQ","TFG","08.A.05","1",
"807917","K50PTVKQ","TFG","08.B.02","4",
"70253","QS186LEQ8","TFG","04.K.03","2",
"55579","ES-FA-6G","TFG","05.A.04","8",
"74051","M18GRY2PQ","TFG","07.M.05","53",
"813787","SMBZMXRA","TFG","08.N.05","1",
"95666","DX80N9X6S-P6","TFG","09.C.02","2",
"85072","XS2SO","TFG","10.C.03","19",
"804246","S22AMTSRGB7QP","TFG","10.F.03","4",
"11421","MQDC2S-1215","TFG","11.M.02","5",
"812386","S4BE30-1800-S","TFG","CO2.B.01","1",
"809066","SLLCR14-1190-S","TFG","CO4.F.01","1",
"89690","SLLP23-350P88","TFG","CO5.D.01","1",
"11315","SOK-TL50-150A","TFG","CO7.I.01","73",
"93176","EZLSA-MBK-20","TFG","13.25.03","9",
"802158","K50L2RGBKQ","TFG","13.19.04","3",
"812378","S4BE30-600-S","TFG","ENT.00.03","8",
"814856","BFW-M8F4-4X","TFG","Z1.E.04","10",
"42017","TM18AP6FF100Q8","TFG","04.B.03","2",
"18027","TM18VP6DVQ8","TFG","01.R.04","2",
"31176","S18SP6DLQ","TFG","03.E.05","5",
"63189","QS18VP6DQ5","TFG","06.A.03","1",
"75671","K50LGRYPQ","TFG","07.H.06","160",
"811943","Q2XABLPF-Q5","TFG","08.J.05","6",
"29951","MBCC-430","TFG","11.D.06","1",
"814771","R95C-8B22-KQ","TFG","13.36.04","8",
"815180","BC-M12F8-24-5-SF","TFG","06.PL.06","35",
"45134","MBCC-406","TFG","07.PL.03","16",
"72210","DEE2R-875D","TFG","08.PL.02","4",
"812355","S4BE14-450-S","TFG","ENT.00.03","9",
"49472","SI-QS75C","TFG","04.A.03","3",
"26621","BRT-THG-3-100","TFG","02.D.06","4",
"29822","S18RW3D","TFG","02.J.03","1",
"37294","MIAD9LVAGQ","TFG","03.L.03","5",
"42213","SSA-EB1MP-22","TFG","04.J.05","53",
"808904","T30R-4545-KUQ","TFG","05.C.06","53",
"57250","VS25E","TFG","05.G.02","5",
"812240","DXMR90-X1","TFG","10.J.04","4",
"808960","SLLCR23-560-S","TFG","CO1.B.02","11",
"802028","WLS15XDW0640DSC2","TFG","CO3.A.02","2",
"806415","STP-M12D-415","TFG","12.V.03","8",
"26832","SM312CVQD","TFG","13.04.02","12",
"72545","QS30VR3LP","TFG","07.I.02","9",
"809537","SSA-ISD-TCA","TFG","08.E.03","6",
"88517","MQDC-WDSS-0530","TFG","08.F.05","12",
"97359","WLS27XWR-570DSQ","TFG","09.B.01","3",
"94849","LTF12IC2LDQ","TFG","09.F.03","1",
"814209","K30PAF100AMRGB7Q","TFG","10.D.02","2",
"35214","PBCT46U","TFG","12.Q.05","20",
"96127","SG-TL70-GYR","TFG","12.R.05","20",
"87521","EZLSA-MBK-11","TFG","13.32.04","34",
"812390","S4BR30-750-S","TFG","ENT.00.03","8",
"812366","S4BR14-450-S","TFG","ENT.00.03","9",
"78206","Q20ELQ5","TFG","Z1.E.01","2",
"46996","SI-QS-SSU","TFG","Z4.A.04","31",
"26619","BRT-THG-1-100","TFG","02.Q.05","13",
"58740","SI-LS100SF","TFG","05.D.04","1",
"64192","STBVR81Q6","TFG","06.M.04","12",
"77639","K80LGRYBWP","TFG","07.B.04","6",
"71561","QS30EXQ","TFG","07.E.03","78",
"77191","M12PFF25Q8","TFG","07.T.03","8",
"801918","Q4XTKLAF600-Q8","TFG","08.F.04","60",
"94885","Q4XTILAF100-Q8","TFG","09.B.03","9",
"92215","SG-TL70-W","TFG","11.I.05","28",
"812377","S4BE30-450-S","TFG","CO3.C.01","1",
"26838","SM312LVQD","TFG","12.Q.04","64",
"74134","Q12AB6FF30Q5","TFG","12.R.02","5",
"805732","SR-IM-9A","TFG","13.32.03","35",
"21260","S18LGRXPQ","TFG","02.B.04","1",
"26837","SM312FPQD","TFG","02.N.02","14",
"71756","EZA-MBK-12","TFG","07.C.05","4",
"75218","QS18EN6DV","TFG","07.E.02","1",
"814559","BFW-M12M5-6X","TFG","10.E.05","35",
"97421","BWA-BATT-011","TFG","CO5.F.02","10",
"71755","QS18VP6FF50Q8","TFG","12.I.05","44",
"813925","S15YA4-M124-M124-0.2M","TFG","12.N.02","2",
"813370","R50-4M125-M125Q-P","TFG","13.14.06","20",
"800119","SLLCP23-840-B16","TFG","ENT.00.01","3",
"812389","S4BR30-600-S","TFG","ENT.00.03","8",
"39535","DBQ5","TFG","03.B.04","10",
"71882","QS18VP6FF100Q8","TFG","07.L.03","9",
"97146","DX80N9Q45VT","TFG","09.B.02","1",
"96731","K50ABT2XGHQ","TFG","09.L.04","6",
"24985","K50APTGREQ","TFG","10.A.02","4",
"802025","WLS15XDW0220DSC2","TFG","CO6.D.01","10",
"02673","LX6EQ","TFG","12.G.01","1",
"81282","MQDC-415RA-PUR","TFG","12.H.04","12",
"19358","DF-G1-PS-Q5","TFG","12.J.04","3",
"812376","S4BE30-300-S","TFG","13.01.03","6",
"73246","QS18VP6LLPQ8","TFG","13.40.04","22",
"813083","K100PLRGB7AQ","TFG","13.20.06","14",
"33649","MQDC-450","TFG","07.PL.05","14",
"81538","MQDC2S-850","TFG","01.PL.04","6",
"83212","TL50GRQ","TFG","00.A.04","9",
"810515","MQDC-506-GYP","TFG","Z3.B.05","3",
"19355","DF-G1-PS-2M","TFG","01.A.03","22",
"803692","TL50CBWRYQ","TFG","08.B.06","10",
"70988","PVD100","TFG","07.B.02","1",
"73311","LEDBR62X62W","TFG","07.D.05","1",
"808895","T30R-1515-KIQ","TFG","08.L.04","15",
"805487","PTL110S-FF200T-QP150","TFG","10.C.06","19",
"814251","R95C-8B21-MQ","TFG","10.N.02","10",
"804815","OS80K2LX1GRQ","TFG","11.C.02","1",
"809168","SLLR14-1750-S","TFG","CO5.B.01","1",
"88838","STP-19","TFG","12.D.02","2",
"75273","CSB-M1241M1241","TFG","02.PL.08","9",
"814957","BC-M12F4A-22-2","TFG","02.PL.05","7",
"813179","BWA-QM30-FSALR","TFG","Z1.D.04","7",
"17355","IT23S","TFG","01.M.03","22",
"25965","SM2A312D","TFG","02.J.04","14",
"35442","Q452E","TFG","03.D.03","3",
"803732","SG-TL70-RGB14","TFG","05.F.04","18",
"810626","S15C-TMS-MQ","TFG","11.Q.03","2",
"812397","S4BR30-1800-S","TFG","CO1.H.02","1",
"25550","SSA-MBK-EEC1","TFG","CO1.G.03","29",
"72426","SLSCR30-600Q8","TFG","CO3.H.01","2",
"47814","MQDC1-530","TFG","01.PL.02","28",
"92361","TL70GYRA","TFG","12.P.01","1",
"25776","SM312LVAG","TFG","13.10.03","7",
"813769","R45C-KII-IIQ","TFG","13.17.03","1",
"806411","SI-RFA-P","TFG","13.18.03","21",
"806645","WLB72BZCW1200DACT","TFG","ENT.00.03","7",
"71559","QS30EX","TFG","Z1.B.04","3",
"812493","SMBQ2XA","TFG","Z1.B.05","100",
"806821","VSM-2M5APD10-2M","TFG","Z2.C.03","6",
"72480","BRT-35X35B","TFG","Z3.D.04","7",
"816530","SMBEG24RA","TFG","Z4.A.05","1",
"02728","QT50ULBQ6","TFG","01.A.04","5",
"48666","M18SP6DL","TFG","04.K.04","1",
"49813","BRT-50D","TFG","04.N.04","9",
"52519","SMB18SF","TFG","05.A.05","10",
"805916","K50PTCAMRGB14Q","TFG","10.B.04","5",
"808782","TTR637APGB6D-2.0RJ-CASI","TFG","CO4.D.01","1",
"808921","SLLCE14-350-S","TFG","12.L.01","2",
"815155","BC-M12F5A-22-5","TFG","13.16.05","35",
"72504","MAR6016NX485Q","TFG","ENT.00.01","26",
"70975","MQDC2S-806","TFG","01.PL.01","28",
"72394","SLSP30-1200Q88","TFG","ENT.00.02","14",
"75954","QS186LE2Q5","TFG","Z1.C.04","6",
"42215","SSA-EB1MP-04","TFG","04.E.04","5",
"71930","STP-14","TFG","Z3.E.03","2",
"73095","QS30DQ","TFG","Z4.E.04","15",
"11411","SA-30RL38X76X5","TFG","01.M.02","17",
"61636","QS18VP6LV","TFG","06.A.05","9",
"91512","SMBQ4XFA","TFG","09.A.04","9",
"802817","QS18EK6LPQ5","TFG","10.B.02","1",
"815098","Q90R-4040-6KDQ","TFG","10.E.03","3",
"81873","PIPS49TMB5MFF","TFG","11.O.04","2",
"95684","WLB32C1130Q","TFG","CO5.D.01","1",
"78943","QDE-830D","TFG","04.PL.01","20",
"802613","T18-2VPRS-Q8","TFG","12.R.02","1",
"814943","BC-M12M4-22-5","TFG","13.03.04","3",
"90989","EZLSA-MBK-12","TFG","13.41.04","8",
"11203","STBVP6BQ5","TFG","01.C.05","1",
"25966","SM2A312F","TFG","02.D.05","25",
"75228","QS18EP6DVQ8","TFG","07.B.05","3",
"82850","STP-16","TFG","08.J.04","13",
"816434","Q90R2-12040-6KDQ","TFG","08.O.05","8",
"94306","DEE2R-88D","TFG","09.C.03","3",
"93157","RDLS-825D","TFG","09.D.05","3",
"802158","K50L2RGBKQ","TFG","10.M.05","8",
"72390","SLSP30-600Q88","TFG","CO4.A.01","4",
"83736","SLPP25-270P88","TFG","CO5.G.01","2",
"93053","DELSEF-81D","TFG","12.H.03","19",
"814951","BC-M12F4-M12M4-22-4","TFG","12.I.06","34",
"802607","T18-2VPRL-Q8","TFG","13.29.05","3",
"85063","XS26-2E","TFG","13.25.06","9",
"73042","QS18VP6LDQ","TFG","Z3.D.05","1",
"13903","K50APFF200GREQP","TFG","01.G.04","1",
"26069","BRT-THG-3X3-10","TFG","02.A.03","12",
"819556","DK-CONNECTIVITY DEMO KIT","TFG","06.A.01","8",
"68689","T8AP6D100Q","TFG","06.G.05","9",
"804427","ABR3009-WSE2","TFG","08.G.06","6",
"95933","WLS27CB145DSQ","TFG","10.E.02","1",
"812358","S4BE14-900-S","TFG","CO2.D.01","2",
"02954","MQDMC-430","TFG","04.PL.06","1",
"88099","WLS28-2XW285DSQ","TFG","12.D.01","8",
"800032","SSA-EB1P-ECWC","TFG","12.K.04","5",
"807804","K50CABT2XGH","TFG","13.02.03","1",
"806222","SC10-2roe","TFG","13.27.03","9",
"78544","BWC-1MRSFRSB0.2","TFG","Z1.B.02","25",
"69701","SSA-EBM-12L","TFG","06.D.05","13",
"76260","K50ANFF100GRCQ","TFG","07.A.05","5",
"87851","LMBWLB32MAG","TFG","08.H.05","20",
"85066","SC26-2D","TFG","08.K.04","3",
"805927","K50PTCAMGRY3Q","TFG","08.M.04","2",
"96127","SG-TL70-GYR","TFG","09.Q.03","5",
"806246","DXM700-B1R1","TFG","10.D.06","18",
"800128","SLLCP23-1750-B16","TFG","ENT.00.01","3",
"812354","S4BE14-300-S","TFG","ENT.00.02","8",
"804797","QDEG-825D","TFG","Z4.B.04","2",
"16682","TL50GYRALSQ","TFG","01.G.03","24",
"54617","MQDC2S-815RA","TFG","05.C.04","1",
"804894","SMBQ5XFAM10","TFG","12.A.03","7",
"95491","M18-4VPDL-Q8","TFG","09.N.03","8",
"02661","LX3EQ","TFG","10.B.01","2",
"813833","BC-M8F4-24-2","TFG","10.G.03","2",
"26848","MQDC-415RA","TFG","02.PL.01","143",
"800035","SSA-EB1PLGR-12ECQ8-WC","TFG","12.J.02","3",
"806734","SXA-MBK-1","TFG","13.22.04","6",
"93270","WLB92ZC1100PBQMB","TFG","ENT.00.02","10",
"816167","SMBRAQ90R","TFG","00.D.03","10",
"75197","QS18VP6FF100QPMA","TFG","Z2.F.01","1",
"33200","SMB18A","TFG","03.G.05","97",
"58222","VS2KAP5V","TFG","05.C.03","10",
"58979","BRT-84","TFG","05.F.05","149",
"75670","K50LGRYNQ","TFG","07.E.06","132",
"805919","K50PTAMGRY3Q","TFG","08.E.04","6",
"813136","SOKTL150R4","TFG","08.I.03","1",
"806732","SXA-MBK-2","TFG","11.H.04","8",
"83773","SLPP14-690","TFG","CO3.A.01","2",
"02676","LX6R","TFG","12.H.01","1",
"814585","EG24-ILVA-Q7","TFG","12.O.03","2",
"55669","USMB-5","TFG","12.Q.03","4",
"806392","SI-RFST-LP8","TFG","13.09.04","7",
"81293","MQDEC-409SS-PUR","TFG","13.28.05","15",
"808870","QS18VN6AF350","TFG","Z2.C.02","5",
"65500","QS18VN6AF100","TFG","Z4.C.01","1",
"819556","DK-CONNECTIVITY DEMO KIT","TFG","08.D.02","1",
"77883","K80L4GRYB1PQ","TFG","10.E.04","3",
"79414","SMB22A","TFG","10.G.02","28",
"96930","K70APT2GRYF2Q","TFG","11.L.02","1",
"809043","SLLCE23-1050-S","TFG","CO3.D.01","6",
"813163","S15S-T-MQ","TFG","13.17.04","22",
"807690","SMBQCM50DT","TFG","Z1.F.03","5",
"25622","SM31R","TFG","Z1.D.05","6",
"42167","S18-2VPDL-Q8","TFG","04.A.02","10",
"48655","M18SP6LQ","TFG","04.C.03","2",
"814736","BFW-M8F3-4X","TFG","Z3.A.04","15",
"813801","BC-M8M3-24-2","TFG","Z4.D.02","3",
"30811","S18SN6D W/30","TFG","03.B.02","22",
"33442","T306EQ","TFG","03.B.06","50",
"78337","BWC-1MRSFRSB1","TFG","07.A.04","8",
"97539","Q4XFPLAF310-Q8","TFG","09.C.04","16",
"02679","LX6RQ","TFG","12.I.02","1",
"11461","QS18AB6AF300Q5","TFG","13.15.03","3",
"71791","BRT-51X51BM","TFG","13.28.03","44",
"807905","K50PTVAMRGB14Q","TFG","13.31.04","17",
"806398","SI-RFDT-LP8","TFG","13.24.05","91",
"19574","SMBWLSMAG","TFG","01.F.04","17",
"17222","BAT23S","TFG","01.N.04","8",
"17307","IAT23S","TFG","01.Q.04","12",
"26836","SM312FQD","TFG","02.Q.04","76",
"32297","MBCC-506","TFG","03.H.05","7",
"75669","K50LGRY2PQ","TFG","07.B.06","19",
"74004","SMB18FA","TFG","07.M.04","4",
"802638","T18-2VPDL-2M","TFG","08.M.02","1",
"808663","CSB4-M1251M1250","TFG","11.G.04","6",
"79040","SMBQ20L","TFG","12.F.03","63",
"97846","WLB32ZC850EMQM","TFG","12.I.01","1",
"806408","SI-RF-A","TFG","12.N.04","139",
"14460","LEDRLA290XD6-XQ","TFG","12.R.03","1",
"17428","DX80G9M6S-P8","TFG","13.04.03","3",
"812473","SG-TL70P-RGB","TFG","13.33.04","2",
"80811","DELPE-81D","TFG","Z1.E.03","3",
"26841","SM2A312DQD","TFG","02.A.02","5",
"29510","S18SP6RQ","TFG","02.I.05","8",
"26835","SM31EQD","TFG","02.N.03","5",
"66447","QS186EQ8","TFG","06.D.03","9",
"94274","WLS27XW145DSQ","TFG","09.C.01","7",
"809067","SLLCE23-1190-S","TFG","CO3.B.03","6",
"812396","S4BR30-1650-S","TFG","CO6.B.01","1",
"25226","MBCC-412","TFG","01.PL.03","55",
"54618","MQDC2S-830RA","TFG","02.PL.02","9",
"802652","T18-2VPFF30-Q8","TFG","Z1.F.02","3",
"817269","LMBSD50-180S","TFG","Z3.B.04","1",
"10444","SOP-E12-300A","TFG","01.P.05","36",
"32952","MQAC-415","TFG","03.K.04","3",
"94085","B-TL70-Q3PMA","TFG","09.H.06","30",
"75029","VTBP6GRLQ","TFG","11.B.05","23",
"809056","SLLCR23-1120-S","TFG","CO2.A.02","3",
"70977","MQDC2S-830","TFG","03.PL.04","41",
"814738","BFW-M8M3-4X","TFG","13.22.03","10",
"72508","MAQDC-806","TFG","13.07.04","7",
"807124","SI-MAGB1SMQD","TFG","13.19.05","13",
"800107","SLLCP23-1050-B16","TFG","ENT.00.01","1",
"93269","WLB92ZC1100PBQM","TFG","ENT.00.02","4",
"84918","MQDC-WDSS-0430","TFG","00.B.03","7",
"804296","S22AMTSGRCQ","TFG","Z4.E.03","1",
"17567","L16FSS","TFG","01.D.05","18",
"33080","OTBVR81","TFG","03.A.05","47",
"33377","S30SN6RQ","TFG","03.F.02","1",
"31538","Q85VR3DL-T9-B","TFG","03.J.04","4",
"67508","VTBP6LQ","TFG","06.E.03","10",
"64192","STBVR81Q6","TFG","06.L.03","24",
"72116","Q12AB6FF50","TFG","07.O.04","28",
"802597","TL70ZYRQ","TFG","08.H.01","1",
"92214","SG-TL70-B","TFG","09.H.05","15",
"27162","SMB30MM","TFG","10.B.06","234",
"802256","K30APT2GRYF2Q","TFG","12.H.05","1",
"815139","BC-M12F5-22-5","TFG","06.PL.07","38",
"77805","STBVP6-RB1","TFG","ENT.00.02","1",
"70230","QS30LD","TFG","Z2.C.04","1",
"88063","SMBWLS28SP","TFG","Z2.B.05","1",
"16386","PBAT","TFG","01.B.03","2",
"19118","K50LGRALSYPQ","TFG","01.O.04","13",
"25649","SM312FV","TFG","02.E.05","15",
"25304","SSA-EB1PLYR-12ECQ8","TFG","02.R.03","3",
"30019","SSA-EB1PLXR-02ED1Q5A","TFG","03.G.03","4",
"42219","SSA-EB1ML1P-13","TFG","04.F.06","20",
"67492","BRT-40X19A","TFG","06.G.03","10",
"71995","QS18EP6DQ8","TFG","07.K.03","2",
"94229","B-TL70DXN9-Q5","TFG","09.C.05","2",
"02686","LX12ESRQ","TFG","10.D.01","2",
"81538","MQDC2S-850","TFG","10.N.03","2",
"86944","DELS-111E","TFG","11.B.04","8",
"73191","QS18VP6LAFQ5","TFG","11.C.05","27",
"94301","WLS27CW570DSQ","TFG","CO7.H.01","8",
"806275","QM30VT1","TFG","12.D.06","32",
"73279","PIAT46UHFMTA","TFG","13.03.05","1",
"73094","QS30LVQ","TFG","13.09.05","8",
"93270","WLB92ZC1100PBQMB","TFG","ENT.00.01","12",
"71466","QDE-875D","TFG","05.PL.05","24",
"34110","OTBVP6L","TFG","03.L.04","2",
"96025","IAT43ST5TA-VL","TFG","09.F.04","15",
"806276","QM30VT2","TFG","09.J.06","81",
"81228","UM-FA-11A","TFG","10.D.05","23",
"812370","S4BR14-1050-S","TFG","CO1.C.01","1",
"89736","SLLCP14-350P88","TFG","CO2.G.01","1",
"72110","Q12AB6FF30","TFG","12.G.03","19",
"814004","T30R-1515-LKIQ","TFG","13.17.02","1",
"60812","MQDEC2-530","TFG","05.PL.08","66",
"807466","WLS27PXRGBW570DSQ","TFG","ENT.00.02","4",
"26372","SM312DBZ","TFG","Z3.D.03","3",
"48347","M186EQ","TFG","04.H.04","12",
"812235","R70SR9MQ","TFG","10.A.06","15",
"807394","BWA-QM30-FMSS","TFG","10.F.06","111",
"810901","MBE3016Q","TFG","CO3.D.01","1",
"804672","WLS28-2CWYRXX3-0570X24Q","TFG","12.F.01","3",
"815563","LCA130T5KQ","TFG","12.J.05","8",
"804946","TL505AKQ","TFG","12.O.01","1",
"13129","K80LGRW2PQP","TFG","12.X.03","3",
"61624","QS18VP6R","TFG","13.25.05","5",
"812380","S4BE30-900-S","TFG","ENT.00.03","1",
"79296","BWC-LMRSFRPB","TFG","00.A.03","56",
"806407","SI-RFPT-LP5","TFG","01.H.05","18",
"21290","S18LGRYPQ","TFG","01.M.04","51",
"25967","PBT46U","TFG","02.O.04","47",
"67504","VTBP6","TFG","06.C.03","4",
"29995","SSA-EB1MLYRP-12ED1Q8","TFG","11.C.06","4",
"72382","SLSP14-600Q88","TFG","CO2.B.02","1",
"87997","WLS28-2XW570XPBQ","TFG","CO3.A.01","1",
"92338","TL70WBGYRQ","TFG","12.G.02","2",
"806406","SI-RFPT-HP5","TFG","13.20.02","11",
"10662","S18SP6R-DW","TFG","13.30.02","2",
"803433","VS8EAPLLPQ","TFG","13.27.05","13",
"816249","S4BA-CASCADE-2","TFG","13.23.06","6",
"816935","WC-K50T","TFG","Z1.B.01","8",
"76163","Q12AP6FF50Q3","TFG","Z2.D.02","3",
"26265","SM2A312W","TFG","Z3.E.01","9",
"47457","MQDEC-406RS","TFG","Z4.D.04","1",
"27290","SM30SRLQD","TFG","02.M.03","14",
"25916","SM312FP","TFG","02.P.04","5",
"813105","ZMX-3DE2500HF-Q7","TFG","08.A.04","3",
"56504","DEE2R-82D","TFG","05.H.04","8",
"66466","QS18VP6DBQ8","TFG","06.B.03","8",
"66462","QS18VP6RBQ8","TFG","06.E.04","5",
"75742","QS18VP6LAF250Q5","TFG","07.E.04","13",
"78516","K50LGRA2YPQ","TFG","07.H.03","6",
"88122","LQMAC-310B","TFG","08.F.03","9",
"88256","SA-F12","TFG","09.D.06","25",
"92211","SG-TL70-G","TFG","09.K.05","5",
"72446","SLSCP30-600Q88","TFG","CO1.D.02","4",
"809477","WLS70XW600DPWM","TFG","CO2.D.02","3",
"55428","MQDC-4100","TFG","CO3.F.03","149",
"97824","WLB32C285EPB","TFG","CO6.E.02","43",
"802616","T18-2NAEL-Q8","TFG","12.H.02","6",
"19268","TL50BLGYRA","TFG","12.T.02","1",
"72335","DEE2R-515D","TFG","13.10.05","2",
"89779","SLLCP23-1750P88","TFG","ENT.00.01","4",
"812365","S4BR14-300-S","TFG","ENT.00.02","8",
"65147","SI-QM-M20","TFG","Z2.D.01","3",
"35617","MQD9-415","TFG","Z4.A.02","2",
"805919","K50PTAMGRY3Q","TFG","08.C.03","14",
"42703","APG18S","TFG","04.L.03","19",
"59771","SLO30VB6Y","TFG","05.A.02","4",
"66454","QS18VP6LVQ8","TFG","06.B.04","50",
"78261","BWA-BATT-001","TFG","07.D.06","16",
"79478","K50LGRAL1YPQ","TFG","07.Q.03","5",
"815567","K50RF-4030-LDQ","TFG","12.C.05","10",
"15764","SMBWLS28RA","TFG","11.A.03","17",
"70991","PVD225Q","TFG","11.E.01","6",
"78515","K50LGRA1YPQ","TFG","11.M.03","12",
"807138","SI-MAGB2MM","TFG","11.N.03","8",
"809863","STBVP6-RB1-809863","TFG","CO7.C.02","5",
"80417","BRT-2X2HT","TFG","13.16.02","2",
"814851","BFW-M12M8-8X","TFG","Z1.A.03","20",
"86002","OTCL-1-YW","TFG","Z2.A.01","2",
"49238","QMT42VP6FF2000Q","TFG","04.D.03","4",
"31654","Q85VR3D-T9","TFG","03.F.05","12",
"814111","Q5ZKLAF1800-Q8","TFG","08.C.04","2",
"42206","SSA-EB1PL1-02","TFG","04.M.04","1",
"92925","DX80N9X1W0P0ZTD","TFG","09.H.03","12",
"86292","DF-G1-PR-Q5","TFG","10.B.03","2",
"72429","SLSCR30-1050Q8","TFG","CO2.A.01","4",
"803693","Q5XKLAF2000-Q8","TFG","13.05.03","41",
"88506","K50BCLYRXPQ","TFG","13.10.04","11",
"25823","S18DLGRYPQ","TFG","13.30.04","8",
"810628","S15C-I-MQ","TFG","13.34.04","11",
"812379","S4BE30-750-S","TFG","ENT.00.03","6",
"45000","BRT-100X50","TFG","04.A.04","28",
"25757","DX80N9X2S-PB1","TFG","02.F.02","24",
"40071","BRT-2X2","TFG","04.K.05","305",
"73808","LEDRA62X62W","TFG","07.H.04","3",
"70810","QS18EN6LPQ8","TFG","07.I.03","4",
"71562","QS30ARXQ","TFG","11.E.02","25",
"78280","Q20PRLQ5","TFG","11.E.04","2",
"813821","BC-M8F3-24-10","TFG","11.E.05","19",
"92223","B-TL70-5","TFG","11.M.04","5",
"815255","SLLCP23-770-S","TFG","CO6.D.01","1",
"811050","SI-QM-SMFA-2","TFG","13.11.04","10",
"93278","WLB92ZC1100ACT","TFG","ENT.00.02","17",
"10472","CL50GRXAPQ","TFG","01.K.03","5",
"17285","BT26S","TFG","01.O.03","9",
"49480","SI-LS100F","TFG","04.F.04","35",
"69705","SSA-EBM-02E","TFG","06.F.04","9",
"77387","SA-M30E12","TFG","07.J.04","15",
"807462","WLS27PXRGBW430DSQ","TFG","12.C.01","1",
"813876","K30PTEALGRY3QP","TFG","08.L.03","1",
"809715","TTR891APSC7D-2.0FL-CTR","TFG","CO1.F.03","8",
"808959","SLLCE23-560-S","TFG","CO2.C.02","10",
"47634","MQDEC-420SS","TFG","02.PL.03","2",
"810607","TL50PS3AQ","TFG","12.P.03","1",
"78382","BWA-QD5.5","TFG","12.P.05","69",
"808449","BRT-2B","TFG","13.04.05","20",
"801158","QS18VP6FF150","TFG","Z2.B.01","1",
"26845","SM2A312LVQD","TFG","Z2.F.03","7",
"45006","BRT-42D","TFG","04.D.04","20",
"33934","T30SN6R W/30","TFG","01.E.06","33",
"27947","K30LGXRPQ","TFG","02.G.03","17",
"30978","OTC-1-YW","TFG","03.A.06","41",
"805411","TL30BWGBYRAXC1","TFG","08.L.01","1",
"92226","B-TL70-Q5","TFG","09.F.06","24",
"802703","T18-2VNFF100IR-Q8","TFG","11.G.02","5",
"83213","TL50GRAQ","TFG","11.G.06","20",
"97821","WLB32C570EPBQ","TFG","CO3.G.02","1",
"808966","SLLR23-560-S","TFG","12.K.01","1",
"97714","DF-G3IR-KD-Q5","TFG","13.11.02","4",
"815150","BC-M12F5-M12M5-22-5","TFG","13.26.03","11",
"817046","SD50P300WD15QP","TFG","13.02.04","10",
"803488","VS8APFF30B","TFG","13.29.04","4",
"85580","LQMAEC-306SS","TFG","13.06.06","6",
"70883","QDE-815D","TFG","08.PL.03","124",
"48562","SI-QM-SMFA","TFG","04.F.05","33",
"73043","QS18VP6LDQ5","TFG","07.A.02","1",
"78414","SA-E12M30","TFG","07.F.04","104",
"816937","WC-K50","TFG","12.B.05","9",
"812186","TL70P2KQ","TFG","08.K.05","6",
"804449","ABR71L9-MSE2","TFG","08.O.02","1",
"92212","SG-TL70-Y","TFG","09.B.06","163",
"94230","B-TL70DXN9-Q8","TFG","09.E.06","11",
"97640","QS18EP6XLPCQ5","TFG","09.G.03","1",
"808907","T30R-1515-KDQ","TFG","10.C.04","2",
"806414","STP-M12D-406","TFG","11.F.03","9",
"72448","SLSCP30-900Q88","TFG","CO7.F.01","4",
"72209","DEE2R-850D","TFG","02.PL.07","22",
"809068","SLLCR23-1190-S","TFG","ENT.00.01","9",
"63980","PKW3M-9","TFG","07.PL.07","2",
"31537","Q85VR3DL-T9","TFG","03.M.03","5",
"66459","QS18VN6DQ8","TFG","05.B.03","29",
"70767","PIT46TMB5","TFG","07.K.04","5",
"813868","T30RW-1515-KDQ-M40","TFG","08.E.05","2",
"96056","SG-TL70-ALC","TFG","09.M.04","1",
"806273","QM30VT2-SS-QP","TFG","11.F.04","25",
"807470","WLS27PXRGBW850DSQ","TFG","CO1.E.02","13",
"806409","SI-RFA-TS","TFG","12.L.04","108",
"805372","TL30BGRXXXNXC1","TFG","12.M.02","3",
"64179","STBVP6","TFG","13.05.06","59",
"89633","SLLCP23-1190P55","TFG","ENT.00.01","1",
"11222","SMBAMS22RA","TFG","Z1.A.02","5",
"26080","PBT26U","TFG","Z3.A.05","23",
"10459","CL50GXXPQ","TFG","01.D.04","1",
"02994","QS30LLPQ","TFG","01.O.05","23",
"25618","SM312LV","TFG","02.B.03","8",
"27286","SMA30SELQD","TFG","02.C.04","8",
"812324","S15C-B22-MQ","TFG","08.A.02","26",
"85069","XS16SI","TFG","08.A.06","14",
"55987","T30UUPAQ","TFG","05.K.03","3",
"802638","T18-2VPDL-2M","TFG","06.B.06","43",
"61425","IM-T-9A","TFG","06.L.04","57",
"72613","D10BFP","TFG","07.R.03","2",
"27392","NO5-Q08-AP7","TFG","12.C.03","2",
"93208","SSA-EBM-12EAAQ12OTBBK30D-93208","TFG","09.G.02","2",
"72509","MAQDC-815","TFG","11.P.04","20",
"801642","STBVP6-RB1E02-801642","TFG","CO3.C.02","2",
"814848","BFW-M12F5-6X","TFG","13.13.02","20",
"86942","DELSE-81D","TFG","13.06.03","30",
"89638","SLLCP23-1540P55","TFG","ENT.00.01","2",
"66956","MQDC1-560","TFG","05.PL.07","23",
"82842","LPA-MBK-12","TFG","Z1.D.02","5",
"77769","Q20PFF50","TFG","Z2.A.04","1",
"47632","MQDEC-406SS","TFG","04.C.06","27",
"27490","PKG3Z-2","TFG","Z4.A.01","5",
"814855","BFW-M8M4-4X","TFG","Z4.D.01","5",
"02914","SMBLXR","TFG","Z4.B.02","5",
"29508","S18SP6DQ","TFG","02.E.03","27",
"27287","SMA30PEL","TFG","02.F.03","5",
"26055","SM2A312LVAG","TFG","02.P.05","4",
"66091","ES-UA-5A","TFG","06.C.04","8",
"17457","DX80N9X6S-P8","TFG","12.B.06","9",
"94424","WLS28-2MQ","TFG","09.B.04","7",
"91290","Q4XTBLAF100-Q8","TFG","09.Q.02","2",
"54616","MQDC2S-806RA","TFG","11.O.03","19",
"70885","QDE-850D","TFG","CO6.B.02","50",
"813073","K100PBLGYRAQ","TFG","CO7.A.02","27",
"807144","SI-MAGB1MM","TFG","12.D.03","33",
"807141","SI-MAGB2SM","TFG","13.05.04","6",
"72506","MAR7216NX485Q","TFG","ENT.00.01","2",
"73989","SLSCP30-1200P88","TFG","ENT.00.01","5",
"72408","SLSCE30-600Q8","TFG","ENT.00.03","34",
"72154","MQDEC-430SS","TFG","01.A.06","11",
"29410","S18SP6D","TFG","02.B.05","7",
"29507","S186EQ","TFG","02.D.03","4",
"73045","QS18VP6LDQ8","TFG","07.J.03","24",
"42218","SSA-EB1ML1P-22","TFG","12.B.03","8",
"809401","OS80K3MXKQ-GM","TFG","10.A.03","2",
"51913","PVA100P6EQ","TFG","11.F.02","4",
"809055","SLLCE23-1120-S","TFG","CO1.F.02","15",
"812360","S4BE14-1200-S","TFG","CO7.B.01","1",
"60811","MQDEC2-515","TFG","01.PL.08","19",
"47104","MQDC-406RA","TFG","04.PL.05","30",
"68742","QS18EP6LP","TFG","13.21.02","1",
"810188","MQDEC-815SS","TFG","13.34.02","1",
"801160","QS18VP6FF150Q5","TFG","13.39.04","2",
"33444","T30SP6RQ","TFG","13.21.05","70",
"88559","EZLSA-MBK-16","TFG","13.08.06","88",
"72505","MAE6016Q","TFG","ENT.00.01","21",
"801525","MAR6016PX485Q-801525","TFG","ENT.00.01","47",
"81690","MQDC2S-850RA","TFG","Z2.E.05","1",
"42212","SSA-EB1MP-02","TFG","04.D.05","5",
"25964","SM2A312LV","TFG","Z3.C.01","6",
"10474","CL50GRYAPQ","TFG","02.G.06","26",
"58916","FIC-M12M5","TFG","05.D.03","22",
"78925","K30LGRYPQ","TFG","07.K.05","100",
"816220","S4BA-MBK-11","TFG","12.C.06","52",
"804250","S22AMTSRGB7","TFG","11.I.02","5",
"805109","TL50GBYRAOSKQ","TFG","12.T.03","3",
"52150","LAT-1","TFG","12.T.04","2",
"87485","WLB32C285PB","TFG","13.01.01","2",
"87318","K50LGRALS4YNQ","TFG","13.03.03","1",
"25618","SM312LV","TFG","13.25.04","54",
"89763","SLLCP23-630P88","TFG","ENT.00.01","3",
"813912","DES4E-51D","TFG","08.C.05","21",
"97880","K70LGYRPQ","TFG","09.D.04","3",
"810613","TL50PS4Q","TFG","10.H.06","12",
"86941","DELSE-51D","TFG","11.G.05","19",
"812381","S4BE30-1050-S","TFG","CO1.F.01","1",
"74341","SMBQ12A","TFG","12.I.03","105",
"79871","MQDC20-530","TFG","Z3.F.03","2",
"26266","SSA-EB1PLYR-02ECQ5A","TFG","02.L.05","5",
"26034","PIT46U","TFG","02.N.05","11",
"75543","K50LGRY6PQPMA","TFG","07.C.03","7",
"816439","K50RB-4030-LIQ","TFG","10.D.03","1",
"88106","K50RPFF50YXXD5QPMA-88106","TFG","10.J.03","6",
"77543","EA5R900PUXMODQ","TFG","CO1.B.01","1",
"89626","SLLCP23-700P55","TFG","CO2.E.01","1",
"25496","MBCC-512","TFG","01.PL.05","6",
"813371","R95-8M125-M125Q-P","TFG","12.G.04","14",
"805490","PTL110S-TD3-QP150","TFG","12.K.06","7",
"806180","K50PTKQ","TFG","13.10.02","13",
"814546","SMB-S15S-SWIVEL-MAG","TFG","Z2.A.03","1",
"47896","SI-QS-SSA-4","TFG","Z1.C.02","13",
"19359","DF-G1-PS-Q7","TFG","01.A.05","19",
"18348","LMB30RA","TFG","01.B.06","24",
"10402","SOK-TL50-300SS","TFG","01.K.06","67",
"800825","DX80N9Q120BL-RG","TFG","08.C.06","5",
"52150","LAT-1","TFG","05.J.03","3",
"92221","SG-TL70-A","TFG","10.G.06","66",
"96006","WLB32ZC1130QMB","TFG","CO2.C.01","1",
"807780","T18-2VPDLIR-Q8","TFG","13.23.03","5",
"81227","UM-FA-9A","TFG","13.30.03","36",
"47812","MQDC1-515","TFG","06.PL.03","227",
"814937","BC-M12F4-22-5","TFG","06.PL.08","117",
"816494","SMBAMSK50R","TFG","Z2.F.04","10",
"76092","QS30EDVQ","TFG","Z3.A.03","6",
"29549","SM312FVQDP","TFG","Z3.F.04","2",
"17443","DX80N9X6S-P2","TFG","01.F.05","2",
"25364","QT50R-US-AFH","TFG","02.G.02","4",
"27288","SMA30PELQD","TFG","02.P.02","2",
"42202","SSA-EB1P-22","TFG","04.L.04","9",
"815150","BC-M12F5-M12M5-22-5","TFG","08.H.06","3",
"85061","XS26-2","TFG","11.H.05","14",
"25967","PBT46U","TFG","11.N.02","13",
"73244","QS18VP6LLPQ5","TFG","13.36.02","16",
"93317","CSB-M1251M1251","TFG","13.05.05","8",
"800122","SLLCP23-1190-B16","TFG","ENT.00.01","4",
"70900","MQDMC-415RA","TFG","Z3.F.02","1",
"32723","SMB30A","TFG","03.F.06","130",
"78244","M12PFF25Q5","TFG","07.A.03","15",
"76957","K50LGRY6PQ","TFG","07.P.04","13",
"807397","CSB-M1250M1250-T","TFG","12.A.05","22",
"90871","IVU2PTBI16","TFG","09.E.04","1",
"814958","BC-M12F4A-22-5","TFG","11.H.06","24",
"47813","MQDC1-515RA","TFG","03.PL.06","145",
"806617","QCM50-K3D40-Q8-5","TFG","12.O.04","27",
"86444","QS186EVQ8","TFG","Z1.A.04","5",
"28155","SM312LVQDP","TFG","Z2.B.04","10",
"45091","PBCT26U","TFG","04.C.05","18",
"808232","S15LGYPQ","TFG","Z4.C.04","13",
"28591","OTBVN6","TFG","02.L.04","9",
"61618","QS186E","TFG","06.C.05","8",
"75531","K50APPBGREQP","TFG","07.C.01","11",
"78081","SOP-E12-150SS","TFG","07.N.04","4",
"76921","SI-HG63FQDR","TFG","07.O.03","2",
"71204","BRT-92X92CB","TFG","12.B.04","12",
"94200","LE250DQ","TFG","09.D.03","3",
"93150","SA-FFB12","TFG","09.K.03","3",
"805818","PRO-KIT","TFG","11.F.06","11",
"809464","WLS70ZXW300DA","TFG","CO6.E.01","1",
"86103","S22LGRYPQ","TFG","13.37.04","39",
"70884","QDE-825D","TFG","07.PL.06","39",
"71467","QDE-8100D","TFG","03.PL.01","70",
"814939","BC-M12F4-22-10","TFG","Z1.C.05","1",
"26892","SM312WQD","TFG","02.K.05","22",
"85064","XS26-2DE","TFG","08.B.03","15",
"87852","LMBWLB32-180S","TFG","08.B.04","5",
"54321","Q45BW13DXQ","TFG","05.G.04","2",
"60698","AT-FM-10K","TFG","06.J.03","48",
"93148","SA-M30","TFG","09.B.05","32",
"92213","SG-TL70-R","TFG","09.N.05","1",
"26952","SM31ELQD","TFG","10.B.05","6",
"84917","MQDC-WDSS-0415","TFG","10.K.04","5",
"94281","WLS27XW1130DSQ","TFG","CO6.H.01","2",
"33713","D12SP6FPQ","TFG","12.E.04","4",
"73402","TL50GYRAOSQ","TFG","12.O.02","13",
"29950","MBCC-530","TFG","12.P.06","22",
"71876","QS18VP6FF50Q5","TFG","12.U.04","20",
"808940","SLLR14-420-S","TFG","13.08.01","1",
"46731","SI-HG80DQD","TFG","13.23.05","1",
"18212","QS18VP6FF100Q9","TFG","Z2.C.01","10",
"25898","M12FTH3Q","TFG","02.E.02","1",
"28589","OTBVP6","TFG","02.J.06","76",
"33691","S18AW3FF100Q1","TFG","03.B.05","6",
"815149","BC-M12F5-M12M5-22-2","TFG","06.A.06","5",
"72808","D10AFP","TFG","07.B.03","1",
"74314","SLO30VB6YQPMA13LODO","TFG","07.L.05","8",
"26479","M18GXRPQ","TFG","12.A.04","8",
"97071","Q4XTKLAF100-Q8","TFG","09.R.02","46",
"815669","DES4-M51-D","TFG","10.D.03","22",
"815081","S15C-DTMS-MQ","TFG","11.D.03","7",
"809182","SLLR23-1820-S","TFG","CO3.F.01","1",
"73045","QS18VP6LDQ8","TFG","12.O.05","13",
"25620","SM312F","TFG","13.12.04","70",
"27490","PKG3Z-2","TFG","Z1.E.02","4",
"805902","Q20KAF200Q5","TFG","Z4.B.01","8",
"26913","SM312LVAGQD","TFG","02.O.05","39",
"37628","Q45AD9DLQ","TFG","03.E.03","4",
"802490","DELPE-51D","TFG","03.E.04","6",
"38666","Q45BB6LPQ5","TFG","03.I.03","6",
"87794","WLS28-2CW145XQ","TFG","10.C.02","2",
"814844","BFW-M12M4-6X","TFG","11.D.05","90",
"72450","SLSCP30-1200Q88","TFG","CO1.C.02","4",
"42207","SSA-EB1PL1-22","TFG","13.29.02","3",
"74089","VTBP6QPMA12","TFG","13.13.03","2",
"807955","BWA-CURRENT-TRANSFORMER-20A","TFG","13.04.04","1",
"807139","SI-MAGB2SMQD","TFG","13.26.05","4",
"800113","SLLCP23-1260-B16","TFG","ENT.00.01","4",
"71464","QDE-575D","TFG","05.PL.03","29",
"62081","RPA-P1-1","TFG","Z3.E.04","48",
"15724","LEDRA70XD5-XQ","TFG","01.E.04","1",
"16681","TL50GRALSQ","TFG","01.J.02","3",
"33939","T30SP6R W/30","TFG","03.D.06","100",
"49808","BRT-92X92C","TFG","04.N.03","56",
"801424","Q4XFKLAF610-Q8","TFG","08.P.03","8",
"812484","XS26-ISDd","TFG","12.Z.03","12",
"81298","MQDEC-406SS-PUR","TFG","13.19.02","5",
"92822","K90LGYRPQ","TFG","13.25.02","4",
"809470","WLS70ZXW900DAQM","TFG","ENT.00.01","1",
"806307","SXA-825D","TFG","07.PL.01","7",
"817080","SA-M30E12P","TFG","Z1.F.04","10",
"804267","S22ALTSGRHQ","TFG","Z3.D.02","1",
"61654","QS18VP6D","TFG","Z3.C.05","2",
"816068","SMBAMSQ90R","TFG","08.D.04","3",
"63093","VS1AP5C20Q","TFG","06.F.02","1",
"812661","T18-2VPDLIR-2M","TFG","08.P.02","4",
"96588","K30APT2GRF2Q","TFG","09.H.04","91",
"804241","S22L2SRGB7T","TFG","10.H.03","24",
"85073","XS4SO","TFG","11.A.05","12",
"59180","SM30PRL W/10","TFG","11.K.04","1",
"807172","WLS15XWA0920DSQP","TFG","CO3.E.01","3",
"813071","K100PBLGYRA","TFG","12.L.02","2",
"817047","SD50P300WSQP","TFG","12.N.05","4",
"70976","MQDC2S-815","TFG","07.PL.04","79",
"809488","LMBWLS70T","TFG","Z2.A.02","3",
"10320","TL50GRYAQ","TFG","01.K.02","2",
"29821","S18AW3D","TFG","02.H.03","3",
"26903","SM312CV2QD","TFG","02.S.05","9",
"34997","OTBVP6LQD","TFG","03.D.04","4",
"73137","SMBAMS30RA","TFG","07.G.05","55",
"77592","K80LGRYPQ","TFG","07.J.05","4",
"807973","DX80DR9M-H10 NB","TFG","08.G.04","3",
"809278","K30PTSQ2PS","TFG","08.P.05","2",
"94304","WLS27CW990DSQ","TFG","CO1.A.01","2",
"89623","SLLCP23-490P55","TFG","CO2.F.02","2",
"804113","WLH60XW640GB","TFG","CO2.G.02","15",
"72207","DEE2R-815D","TFG","04.PL.02","23",
"71778","QS18VP6FQ8","TFG","12.D.05","16",
"96680","K50APT2GRYC3QPMA","TFG","12.J.03","1",
"16661","TL50HGRALSQ","TFG","12.Q.01","1",
"51128","MQDC1-506RA","TFG","12.S.04","5",
"02665","LX3RSR","TFG","13.04.01","2",
"81287","MQDC-430-PUR","TFG","13.06.02","2",
"16908","CL50GRYALSPQ","TFG","13.03.06","19",
"83827","SLSCP30-2100P88","TFG","ENT.00.01","3",
"26079","PIT26U","TFG","Z1.A.01","2",
"79909","DS18AP6LPQ8-79909","TFG","Z4.A.03","2",
"61424","IM-T-11A","TFG","06.M.03","29",
"812384","S4BE30-1500-S","TFG","CO4.C.01","4",
"27543","EC915-500","TFG","CO4.E.02","2",
"802706","T18-2VPFF100IR-Q8","TFG","12.P.04","4",
"72389","SLSP30-450Q88","TFG","ENT.00.02","5",
"87482","WLB32C570PBQ","TFG","ENT.00.02","6",
"802602","T18-2VNRL-2M","TFG","Z4.C.02","1",
"11410","SA-30RL38X76X4","TFG","01.E.03","1",
"17276","BT23S","TFG","01.T.04","32",
"26839","SM31RQD","TFG","02.G.04","8",
"31539","Q85VR3DL","TFG","03.H.03","1",
"70231","QS30LDQ","TFG","05.B.05","37",
"75733","QS18EP6FPQ8","TFG","07.D.03","4",
"806255","DX80N9X1W-CM1L","TFG","12.A.02","2",
"813874","DXMR90-4K","TFG","11.A.04","4",
"69696","8-LM2T-AU120","TFG","12.E.02","9",
"806247","DXM700-B1R2","TFG","12.K.05","2",
"812387","S4BR30-300-S","TFG","13.01.02","6",
"77191","M12PFF25Q8","TFG","13.19.02","11",
"814208","K30PAF1000AMGRY4Q","TFG","13.31.03","50",
"97313","WLB32C285MQ","TFG","ENT.00.03","20",
"87496","WLB32ZC1130PBQMB","TFG","ENT.00.03","9",
"39959","BRT-3-25","TFG","00.A.05","9",
"74317","QS186LE212Q8","TFG","Z3.C.03","2",
"13102","DX80DR9M-H2","TFG","01.B.05","10",
"11431","DX80DR9M-H","TFG","01.H.06","6",
"29412","S18SP6R","TFG","02.Q.03","10",
"26763","PIF415U","TFG","02.R.04","7",
"31934","Q25SP6LPQ","TFG","03.H.04","23",
"60131","ES-FA-9AA","TFG","06.I.03","35",
"814845","BFW-M12F4-6X","TFG","08.I.06","120",
"75040","R58ECRGB1Q","TFG","12.D.04","6",
"81931","FTH-FIL-002","TFG","13.28.02","5",
"93951","PIAT46TSL5TA-VL","TFG","Z2.E.01","7",
"817504","BC-M12F4-M8M3-24-1","TFG","Z2.B.02","5",
"17721","BWA-9O5-C","TFG","01.F.03","6",
"10017","CL50GRYPQ","TFG","03.E.06","59",
"71410","VTBP6RL","TFG","07.M.02","1",
"809560","MQDEC-506SS","TFG","12.A.06","168",
"806411","SI-RFA-P","TFG","11.B.03","9",
"77861","STBA-RB1-S1","TFG","CO2.H.02","8",
"813818","BC-M8F3-24-2","TFG","12.K.03","1",
"26343","L2","TFG","12.U.03","9",
"810612","TL50PS4","TFG","13.31.02","2",
"47633","MQDEC-412SS","TFG","05.PL.04","17",
"77328","QS186LEQ","TFG","Z2.C.05","1",
"10443","SOP-E12-150A","TFG","01.J.04","76",
"30192","K50ABTXGHQ","TFG","03.C.03","2",
"813319","Q2XRBR-Q5","TFG","08.B.05","9",
"63188","QS18VP6LPQ5","TFG","06.B.02","50",
"87492","WLB32ZC1130PBQM","TFG","CO4.C.01","7",
"65502","QS18VP6AF100","TFG","Z2.F.05","6",
"26834","SM312DQD","TFG","02.M.04","43",
"33713","D12SP6FPQ","TFG","03.B.03","4",
"86746","LE550IQ","TFG","08.A.03","1",
"66450","QS18VP6RQ8","TFG","06.F.03","12",
"74956","Q12AP6FF30Q3","TFG","07.G.04","18",
"72064","Q60BB6LAF2000QPMA","TFG","07.P.03","14",
"801291","TL50BGYRAKQ","TFG","08.J.01","1",
"97804","DX80N9Q45TH","TFG","09.E.03","5",
"91547","SMBQ4XFAM12","TFG","09.P.03","26",
"33933","T306E W/30","TFG","CO5.F.02","186",
"70881","QDE-525D","TFG","04.PL.07","19",
"66438","QS18VP6DQ7","TFG","12.F.02","1",
"42214","SSA-EB1MP-13","TFG","12.G.06","7",
"73084","QS30LPQ","TFG","13.20.04","11",
"26847","MQDC-315RA","TFG","13.08.05","3",
"805287","CSB-M1251FM1251M","TFG","Z2.D.05","2",
"27336","PIAT46U","TFG","02.R.05","1",
"39543","D12DAB6FPQ","TFG","03.M.04","4",
"60810","MQDEC2-506","TFG","06.D.04","4",
"73074","QS30VR3FF400","TFG","07.D.04","14",
"71470","EZA-MBK-11","TFG","07.F.05","35",
"805486","PTL110S-FF200TD3-QP150","TFG","08.J.06","41",
"814939","BC-M12F4-22-10","TFG","04.PL.04","42",
"71914","QS30LDLQPMA","TFG","13.11.03","2",
"814493","SG-TL70B-Y","TFG","13.23.04","4",
"27142","MQDC-430","TFG","07.PL.08","26",
"10467","CL50GRYNQ","TFG","01.C.04","4",
"14170","DX80DR9M-H5","TFG","01.R.03","1",
"27635","SMB12MM","TFG","02.A.04","3",
"30883","S18SP6FF50Q","TFG","03.K.03","4",
"97712","DF-G3IR-KD-2M","TFG","09.H.02","8",
"800288","K50FAPT2GRYF2Q","TFG","10.G.04","19",
"805367","LMBPTL110C","TFG","11.J.04","32",
"76118","K50LGRYP","TFG","11.L.04","18",
"815138","BC-M12F5-22-2","TFG","01.PL.06","43",
